{"model_dir": "C:\\Users\\User\\Documents\\GitHub\\flexible-multitask-connectivity\\trained_nets\\LeakyRNN_softplus_diag_128n_multidelaydm\\seed0", "grad_norm": [622171.1875, 8.962433815002441], "trials": [0, 640000], "times": [0.3182649612426758, 841.2765579223633], "cost_multidelaydm": [4518.317351341248, 0.5459899062407203], "creg_multidelaydm": [24.06595405936241, 0.5884953725617379], "perf_multidelaydm": [0.1168212890625, 0.424560546875], "perf_avg": [0.1168212890625, 0.424560546875], "perf_min": [0.1168212890625, 0.424560546875], "cost_max": [4518.317351341248, 0.5459899062407203]}