{"model_dir": "C:\\Users\\User\\Documents\\GitHub\\flexible-multitask-connectivity\\experiments\\LeakyRNN_softplus_diag_128n_multidelaydm\\seed0", "grad_norm": [623064.875], "trials": [0], "times": [0.31680822372436523], "cost_multidelaydm": [4506.356722831726], "creg_multidelaydm": [24.06369747966528], "perf_multidelaydm": [0.1185302734375], "perf_avg": [0.1185302734375], "perf_min": [0.1185302734375], "cost_max": [4506.356722831726]}