{"model_dir": "C:\\Users\\User\\Documents\\GitHub\\flexible-multitask-connectivity\\experiments\\LeakyRNN_softplus_diag_128n_dmcnogo\\seed0", "grad_norm": [89746.875], "trials": [0], "times": [0.2691802978515625], "cost_dmcnogo": [1831.9284501075745], "creg_dmcnogo": [10.3288834085688], "perf_dmcnogo": [0.05517578125], "perf_avg": [0.05517578125], "perf_min": [0.05517578125], "cost_max": [1831.9284501075745]}