{"model_dir": "C:\\Users\\User\\Documents\\GitHub\\flexible-multitask-connectivity\\trained_nets\\LeakyRNN_softplus_diag_128n_dmcnogo\\seed0", "grad_norm": [89746.875, 2.5713918209075928], "trials": [0, 640000], "times": [0.28058695793151855, 555.9687125682831], "cost_dmcnogo": [1831.9284501075745, 0.5982252068351954], "creg_dmcnogo": [10.3288834085688, 0.6860044789500535], "perf_dmcnogo": [0.05517578125, 0.7705078125], "perf_avg": [0.05517578125, 0.7705078125], "perf_min": [0.05517578125, 0.7705078125], "cost_max": [1831.9284501075745, 0.5982252068351954]}