{"model_dir": "C:\\Users\\User\\Documents\\GitHub\\flexible-multitask-connectivity\\trained_nets\\LeakyRNN_softplus_diag_128n_delayanti\\seed0", "grad_norm": [260445.265625, 2.9929628372192383], "trials": [0, 640000], "times": [0.3144550323486328, 661.5267817974091], "cost_delayanti": [2424.2161898612976, 0.27526829615817405], "creg_delayanti": [11.345244619064033, 0.5543730763019994], "perf_delayanti": [0.1015625, 0.8409423828125], "perf_avg": [0.1015625, 0.8409423828125], "perf_min": [0.1015625, 0.8409423828125], "cost_max": [2424.2161898612976, 0.27526829615817405]}