{"model_dir": "C:\\Users\\User\\Documents\\GitHub\\flexible-multitask-connectivity\\experiments\\LeakyRNN_softplus_diag_128n_delayanti\\seed0", "grad_norm": [260445.265625], "trials": [0], "times": [0.2843921184539795], "cost_delayanti": [2424.2161898612976], "creg_delayanti": [11.345244619064033], "perf_delayanti": [0.1015625], "perf_avg": [0.1015625], "perf_min": [0.1015625], "cost_max": [2424.2161898612976]}