{"model_dir": "C:\\Users\\User\\Documents\\GitHub\\flexible-multitask-connectivity\\experiments\\LeakyRNN_softplus_diag_128n_reactanti\\seed0", "grad_norm": [431153.1875], "trials": [0], "times": [0.3008689880371094], "cost_reactanti": [2744.856561779976], "creg_reactanti": [10.985852331854403], "perf_reactanti": [0.1024169921875], "perf_avg": [0.1024169921875], "perf_min": [0.1024169921875], "cost_max": [2744.856561779976]}