{"model_dir": "C:\\Users\\User\\Documents\\GitHub\\flexible-multitask-connectivity\\trained_nets\\LeakyRNN_softplus_diag_128n_reactanti\\seed0", "grad_norm": [431153.1875, 3.5882339477539062], "trials": [0, 640000], "times": [0.30939698219299316, 558.9032878875732], "cost_reactanti": [2744.856561779976, 0.3498375767376274], "creg_reactanti": [10.985852331854403, 0.4762629240285605], "perf_reactanti": [0.1024169921875, 0.9857177734375], "perf_avg": [0.1024169921875, 0.9857177734375], "perf_min": [0.1024169921875, 0.9857177734375], "cost_max": [2744.856561779976, 0.3498375767376274]}