{"model_dir": "C:\\Users\\User\\Documents\\GitHub\\flexible-multitask-connectivity\\trained_nets\\LeakyRNN_softplus_diag_128n_delaygo\\seed0", "grad_norm": [197937.859375, 4.302053928375244], "trials": [0, 640000], "times": [0.3218381404876709, 600.2007021903992], "cost_delaygo": [1478.1868965625763, 0.2482505213120021], "creg_delaygo": [11.719784455373883, 0.598656902089715], "perf_delaygo": [0.0902099609375, 0.841796875], "perf_avg": [0.0902099609375, 0.841796875], "perf_min": [0.0902099609375, 0.841796875], "cost_max": [1478.1868965625763, 0.2482505213120021]}