{"model_dir": "C:\\Users\\User\\Documents\\GitHub\\flexible-multitask-connectivity\\experiments\\LeakyRNN_softplus_diag_128n_delaygo\\seed0", "grad_norm": [197937.859375], "trials": [0], "times": [0.28516459465026855], "cost_delaygo": [1478.1868965625763], "creg_delaygo": [11.719784455373883], "perf_delaygo": [0.0902099609375], "perf_avg": [0.0902099609375], "perf_min": [0.0902099609375], "cost_max": [1478.1868965625763]}