{"model_dir": "C:\\Users\\User\\Documents\\GitHub\\flexible-multitask-connectivity\\trained_nets\\LeakyRNN_softplus_diag_128n_dmsnogo\\seed0", "grad_norm": [95834.0234375, 9.941664695739746], "trials": [0, 640000], "times": [0.2842905521392822, 559.9021353721619], "cost_dmsnogo": [1612.69362449646, 0.8646273313788697], "creg_dmsnogo": [9.55530774127692, 0.45821739872917533], "perf_dmsnogo": [0.052734375, 0.691162109375], "perf_avg": [0.052734375, 0.691162109375], "perf_min": [0.052734375, 0.691162109375], "cost_max": [1612.69362449646, 0.8646273313788697]}