{"model_dir": "C:\\Users\\User\\Documents\\GitHub\\flexible-multitask-connectivity\\experiments\\LeakyRNN_softplus_diag_128n_dmsnogo\\seed0", "grad_norm": [95834.0234375], "trials": [0], "times": [0.269362211227417], "cost_dmsnogo": [1612.69362449646], "creg_dmsnogo": [9.55530774127692], "perf_dmsnogo": [0.052734375], "perf_avg": [0.052734375], "perf_min": [0.052734375], "cost_max": [1612.69362449646]}