{"model_dir": "C:\\Users\\User\\Documents\\GitHub\\flexible-multitask-connectivity\\experiments\\LeakyRNN_softplus_diag_128n_contextdelaydm1\\seed0", "grad_norm": [729090.5], "trials": [0], "times": [0.36362433433532715], "cost_contextdelaydm1": [2154.2386507987976], "creg_contextdelaydm1": [25.168659579008818], "perf_contextdelaydm1": [0.1256103515625], "perf_avg": [0.1256103515625], "perf_min": [0.1256103515625], "cost_max": [2154.2386507987976]}