{"model_dir": "C:\\Users\\User\\Documents\\GitHub\\flexible-multitask-connectivity\\trained_nets\\LeakyRNN_softplus_diag_128n_contextdelaydm1\\seed0", "grad_norm": [733348.875, 9.882241249084473], "trials": [0, 640000], "times": [0.37921905517578125, 822.9707798957825], "cost_contextdelaydm1": [2156.079690694809, 0.49870723701315], "creg_contextdelaydm1": [25.15901201032102, 0.668026510393247], "perf_contextdelaydm1": [0.125, 0.50341796875], "perf_avg": [0.125, 0.50341796875], "perf_min": [0.125, 0.50341796875], "cost_max": [2156.079690694809, 0.49870723701315]}