{"model_dir": "C:\\Users\\User\\Documents\\GitHub\\flexible-multitask-connectivity\\trained_nets\\LeakyRNN_softplus_diag_128n_reactgo\\seed0", "grad_norm": [419009.75, 6.843440532684326], "trials": [0, 640000], "times": [0.29540324211120605, 560.7846128940582], "cost_reactgo": [3516.941285610199, 0.3734021174022928], "creg_reactgo": [8.009093958884478, 0.5078847736585885], "perf_reactgo": [0.1158447265625, 0.9840087890625], "perf_avg": [0.1158447265625, 0.9840087890625], "perf_min": [0.1158447265625, 0.9840087890625], "cost_max": [3516.941285610199, 0.3734021174022928]}