{"model_dir": "C:\\Users\\User\\Documents\\GitHub\\flexible-multitask-connectivity\\trained_nets\\LeakyRNN_softplus_diag_128n_reactgo\\seed0", "grad_norm": [419009.75, 6.843440532684326, 0.6653549075126648, 0.4154691696166992, 0.4048290550708771, 0.23329657316207886, 0.2425551861524582, 0.2642746567726135, 0.1446867436170578, 0.22137971222400665, 0.28238317370414734, 0.1857776641845703, 0.3298133909702301, 0.3747655153274536, 0.1897251456975937], "trials": [0, 640000, 1280000, 1920000, 2560000, 3200000, 3840000, 4480000, 5120000, 5760000, 6400000, 7040000, 7680000, 8320000, 8960000], "times": [0.41692304611206055, 586.4771821498871, 1171.3630468845367, 1718.3878903388977, 2254.341590642929, 2775.381723165512, 3311.5431702136993, 3865.575957298279, 4440.442255496979, 5023.018279790878, 5601.996041059494, 6187.070525169373, 6797.526222229004, 7395.680741786957, 8001.714795827866], "cost_reactgo": [3516.941285610199, 0.3734021174022928, 0.19125470309518278, 0.09979843380278908, 0.07967560428369325, 0.06812376507150475, 0.06261888625158463, 0.05807379074394703, 0.056791638911818154, 0.053632717885193415, 0.05281799225485884, 0.05350329067732673, 0.052395240709302016, 0.05164322249038378, 0.05093419388140319], "creg_reactgo": [8.009093958884478, 0.5078847736585885, 0.21890757116489112, 0.14163454063236713, 0.10034707505838014, 0.08773740954347886, 0.0826756292663049, 0.0811560862348415, 0.08045697450870648, 0.07879942739964463, 0.07875926169799641, 0.07739618484629318, 0.07779736744123511, 0.07715775645920075, 0.07714531788951717], "perf_reactgo": [0.1158447265625, 0.9840087890625, 0.9981689453125, 0.9989013671875, 0.99951171875, 0.9996337890625, 0.999755859375, 1.0, 0.9998779296875, 0.999755859375, 0.9996337890625, 0.99951171875, 0.9998779296875, 0.9998779296875, 0.9998779296875], "perf_avg": [0.1158447265625, 0.9840087890625, 0.9981689453125, 0.9989013671875, 0.99951171875, 0.9996337890625, 0.999755859375, 1.0, 0.9998779296875, 0.999755859375, 0.9996337890625, 0.99951171875, 0.9998779296875, 0.9998779296875, 0.9998779296875], "perf_min": [0.1158447265625, 0.9840087890625, 0.9981689453125, 0.9989013671875, 0.99951171875, 0.9996337890625, 0.999755859375, 1.0, 0.9998779296875, 0.999755859375, 0.9996337890625, 0.99951171875, 0.9998779296875, 0.9998779296875, 0.9998779296875], "cost_max": [3516.941285610199, 0.3734021174022928, 0.19125470309518278, 0.09979843380278908, 0.07967560428369325, 0.06812376507150475, 0.06261888625158463, 0.05807379074394703, 0.056791638911818154, 0.053632717885193415, 0.05281799225485884, 0.05350329067732673, 0.052395240709302016, 0.05164322249038378, 0.05093419388140319]}