{"model_dir": "C:\\Users\\User\\Documents\\GitHub\\flexible-multitask-connectivity\\experiments\\LeakyRNN_softplus_diag_128n_reactgo\\seed0", "grad_norm": [419009.75], "trials": [0], "times": [0.3043370246887207], "cost_reactgo": [3516.941285610199], "creg_reactgo": [8.009093958884478], "perf_reactgo": [0.1158447265625], "perf_avg": [0.1158447265625], "perf_min": [0.1158447265625], "cost_max": [3516.941285610199]}