{"model_dir": "C:\\Users\\User\\Documents\\GitHub\\flexible-multitask-connectivity\\experiments\\LeakyRNN_softplus_diag_128n_contextdelaydm2\\seed0", "grad_norm": [309824.375], "trials": [0], "times": [0.34776878356933594], "cost_contextdelaydm2": [798.9953821897507], "creg_contextdelaydm2": [21.088103083893657], "perf_contextdelaydm2": [0.121826171875], "perf_avg": [0.121826171875], "perf_min": [0.121826171875], "cost_max": [798.9953821897507]}