{"model_dir": "C:\\Users\\User\\Documents\\GitHub\\flexible-multitask-connectivity\\trained_nets\\LeakyRNN_softplus_diag_128n_contextdelaydm2\\seed0", "grad_norm": [312329.8125, 9.347360610961914], "trials": [0, 640000], "times": [2.100334644317627, 859.1919260025024], "cost_contextdelaydm2": [798.6983418464661, 0.47407894441857934], "creg_contextdelaydm2": [21.072445765137672, 0.6211215173825622], "perf_contextdelaydm2": [0.1248779296875, 0.55859375], "perf_avg": [0.1248779296875, 0.55859375], "perf_min": [0.1248779296875, 0.55859375], "cost_max": [798.6983418464661, 0.47407894441857934]}