{"model_dir": "C:\\Users\\User\\Documents\\GitHub\\flexible-multitask-connectivity\\experiments\\LeakyRNN_softplus_diag_128n_dmsgo\\seed0", "grad_norm": [105198.3125], "trials": [0], "times": [0.26930785179138184], "cost_dmsgo": [2120.1430032253265], "creg_dmsgo": [10.421493839472532], "perf_dmsgo": [0.0531005859375], "perf_avg": [0.0531005859375], "perf_min": [0.0531005859375], "cost_max": [2120.1430032253265]}