{"model_dir": "C:\\Users\\User\\Documents\\GitHub\\flexible-multitask-connectivity\\trained_nets\\LeakyRNN_softplus_diag_128n_dmsgo\\seed0", "grad_norm": [105198.3125, 15.471683502197266], "trials": [0, 640000], "times": [0.3182487487792969, 589.4086952209473], "cost_dmsgo": [2120.1430032253265, 0.7432773472974077], "creg_dmsgo": [10.421493839472532, 0.47548612486571074], "perf_dmsgo": [0.0531005859375, 0.767578125], "perf_avg": [0.0531005859375, 0.767578125], "perf_min": [0.0531005859375, 0.767578125], "cost_max": [2120.1430032253265, 0.7432773472974077]}