{"model_dir": "C:\\Users\\User\\Documents\\GitHub\\flexible-multitask-connectivity\\trained_nets\\LeakyRNN_softplus_diag_128n_fdanti\\seed0", "grad_norm": [49290.15234375, 3.412755012512207], "trials": [0, 640000], "times": [0.26542186737060547, 384.6088080406189], "cost_fdanti": [1442.9448173046112, 0.1662993488716893], "creg_fdanti": [5.701145919971168, 0.4729594385717064], "perf_fdanti": [0.09228515625, 0.9990234375], "perf_avg": [0.09228515625, 0.9990234375], "perf_min": [0.09228515625, 0.9990234375], "cost_max": [1442.9448173046112, 0.1662993488716893]}