{"model_dir": "C:\\Users\\User\\Documents\\GitHub\\flexible-multitask-connectivity\\experiments\\LeakyRNN_softplus_diag_128n_fdanti\\seed0", "grad_norm": [49290.15234375], "trials": [0], "times": [0.25058603286743164], "cost_fdanti": [1442.9448173046112], "creg_fdanti": [5.701145919971168], "perf_fdanti": [0.09228515625], "perf_avg": [0.09228515625], "perf_min": [0.09228515625], "cost_max": [1442.9448173046112]}