{"model_dir": "C:\\Users\\User\\Documents\\GitHub\\flexible-multitask-connectivity\\experiments\\LeakyRNN_softplus_diag_128n_fdgo\\seed0", "grad_norm": [33559.41796875], "trials": [0], "times": [0.25074338912963867], "cost_fdgo": [802.6886299848557], "creg_fdgo": [5.03823861386627], "perf_fdgo": [0.076171875], "perf_avg": [0.076171875], "perf_min": [0.076171875], "cost_max": [802.6886299848557]}