{"model_dir": "C:\\Users\\User\\Documents\\GitHub\\flexible-multitask-connectivity\\trained_nets\\LeakyRNN_softplus_diag_128n_fdgo\\seed0", "grad_norm": [33559.41796875, 2.5743343830108643], "trials": [0, 640000], "times": [0.253570556640625, 427.84232354164124], "cost_fdgo": [802.6886299848557, 0.15640765041462146], "creg_fdgo": [5.03823861386627, 0.4261649118270725], "perf_fdgo": [0.076171875, 0.9989013671875], "perf_avg": [0.076171875, 0.9989013671875], "perf_min": [0.076171875, 0.9989013671875], "cost_max": [802.6886299848557, 0.15640765041462146]}