{"model_dir": "C:\\Users\\User\\Documents\\GitHub\\flexible-multitask-connectivity\\trained_nets\\LeakyRNN_softplus_diag_128n_fdgo\\seed0", "grad_norm": [33559.41796875, 2.5743343830108643, 0.3759819269180298, 0.22372235357761383, 0.13134905695915222, 0.1228649765253067, 0.26108455657958984, 0.24537059664726257, 0.1365625262260437, 0.1190972849726677, 0.29310062527656555, 0.26161640882492065, 0.3176097869873047, 0.21017736196517944, 0.4350559115409851, 0.2224239557981491], "trials": [0, 640000, 1280000, 1920000, 2560000, 3200000, 3840000, 4480000, 5120000, 5760000, 6400000, 7040000, 7680000, 8320000, 8960000, 9600000], "times": [0.25458645820617676, 422.1013696193695, 810.5069270133972, 1178.3483154773712, 1548.0093250274658, 1920.647292137146, 2285.9029846191406, 2656.7554347515106, 3027.7026133537292, 3399.765263557434, 3770.4695765972137, 4153.236140966415, 4537.814826726913, 4970.4311876297, 5389.970303058624, 5833.651588439941], "cost_fdgo": [802.6886299848557, 0.15640765041462146, 0.07855206074600574, 0.04648547890246846, 0.03899847836146364, 0.03928142735094298, 0.03637598356726812, 0.03740185093920445, 0.035801910526060965, 0.03546166425803676, 0.035128844931023195, 0.035439758088614326, 0.0344256367534399, 0.03374748177884612, 0.03511890338268131, 0.034612482180818915], "creg_fdgo": [5.03823861386627, 0.4261649118270725, 0.11514618445653468, 0.05401387294114102, 0.04624596681969706, 0.044277643333771266, 0.042504541808739305, 0.04167296306695789, 0.04084589249396231, 0.04033790520043112, 0.03966906954883598, 0.0398386380111333, 0.03930100081197452, 0.03922233007324394, 0.039567500789416954, 0.03939477648236789], "perf_fdgo": [0.076171875, 0.9989013671875, 0.999267578125, 0.999755859375, 0.9996337890625, 0.99951171875, 0.999267578125, 0.9996337890625, 0.999267578125, 0.999755859375, 0.999267578125, 0.999755859375, 0.9993896484375, 0.998779296875, 0.9991455078125, 0.99951171875], "perf_avg": [0.076171875, 0.9989013671875, 0.999267578125, 0.999755859375, 0.9996337890625, 0.99951171875, 0.999267578125, 0.9996337890625, 0.999267578125, 0.999755859375, 0.999267578125, 0.999755859375, 0.9993896484375, 0.998779296875, 0.9991455078125, 0.99951171875], "perf_min": [0.076171875, 0.9989013671875, 0.999267578125, 0.999755859375, 0.9996337890625, 0.99951171875, 0.999267578125, 0.9996337890625, 0.999267578125, 0.999755859375, 0.999267578125, 0.999755859375, 0.9993896484375, 0.998779296875, 0.9991455078125, 0.99951171875], "cost_max": [802.6886299848557, 0.15640765041462146, 0.07855206074600574, 0.04648547890246846, 0.03899847836146364, 0.03928142735094298, 0.03637598356726812, 0.03740185093920445, 0.035801910526060965, 0.03546166425803676, 0.035128844931023195, 0.035439758088614326, 0.0344256367534399, 0.03374748177884612, 0.03511890338268131, 0.034612482180818915]}