{"model_dir": "C:\\Users\\User\\Documents\\GitHub\\flexible-multitask-connectivity\\trained_nets\\LeakyRNN_softplus_diag_128n_dmcgo\\seed0", "grad_norm": [67430.734375, 11.579211235046387], "trials": [0, 640000], "times": [0.26519775390625, 549.6662788391113], "cost_dmcgo": [1007.2609889507294, 0.5770291712833568], "creg_dmcgo": [10.770988469943404, 0.6898522288538516], "perf_dmcgo": [0.056640625, 0.8216552734375], "perf_avg": [0.056640625, 0.8216552734375], "perf_min": [0.056640625, 0.8216552734375], "cost_max": [1007.2609889507294, 0.5770291712833568]}