{"model_dir": "C:\\Users\\User\\Documents\\GitHub\\flexible-multitask-connectivity\\experiments\\LeakyRNN_softplus_diag_128n_dmcgo\\seed0", "grad_norm": [67430.734375], "trials": [0], "times": [0.36940789222717285], "cost_dmcgo": [1007.2609889507294], "creg_dmcgo": [10.770988469943404], "perf_dmcgo": [0.056640625], "perf_avg": [0.056640625], "perf_min": [0.056640625], "cost_max": [1007.2609889507294]}