{"model_dir": "C:\\Users\\User\\Documents\\GitHub\\flexible-multitask-connectivity\\trained_nets\\LeakyRNN_softplus_diag_128n_delaydm2\\seed0", "grad_norm": [318217.4375, 7.819024085998535], "trials": [0, 640000], "times": [0.3900482654571533, 893.1778407096863], "cost_delaydm2": [1385.074649810791, 0.5145174631034024], "creg_delaydm2": [22.553488260135055, 0.5895380694419146], "perf_delaydm2": [0.1007080078125, 0.45947265625], "perf_avg": [0.1007080078125, 0.45947265625], "perf_min": [0.1007080078125, 0.45947265625], "cost_max": [1385.074649810791, 0.5145174631034024]}