{"model_dir": "C:\\Users\\User\\Documents\\GitHub\\flexible-multitask-connectivity\\experiments\\LeakyRNN_softplus_diag_128n_delaydm2\\seed0", "grad_norm": [323111.25], "trials": [0], "times": [0.3164188861846924], "cost_delaydm2": [1386.8357067108154], "creg_delaydm2": [22.55286468565464], "perf_delaydm2": [0.1011962890625], "perf_avg": [0.1011962890625], "perf_min": [0.1011962890625], "cost_max": [1386.8357067108154]}