{"model_dir": "C:\\Users\\User\\Documents\\GitHub\\flexible-multitask-connectivity\\experiments\\LeakyRNN_softplus_diag_128n_delaydm1\\seed0", "grad_norm": [376539.4375], "trials": [0], "times": [0.3147468566894531], "cost_delaydm1": [2144.284583091736], "creg_delaydm1": [20.316545095294714], "perf_delaydm1": [0.112060546875], "perf_avg": [0.112060546875], "perf_min": [0.112060546875], "cost_max": [2144.284583091736]}