{"model_dir": "C:\\Users\\User\\Documents\\GitHub\\flexible-multitask-connectivity\\trained_nets\\LeakyRNN_softplus_diag_128n_delaydm1\\seed0", "grad_norm": [375515.90625, 15.252936363220215], "trials": [0, 640000], "times": [0.33406710624694824, 951.529782295227], "cost_delaydm1": [2143.7497091293335, 0.5802181080216542], "creg_delaydm1": [20.332398008555174, 0.5460640697274357], "perf_delaydm1": [0.1126708984375, 0.373779296875], "perf_avg": [0.1126708984375, 0.373779296875], "perf_min": [0.1126708984375, 0.373779296875], "cost_max": [2143.7497091293335, 0.5802181080216542]}